"filename", "language", "PHP", "Markdown", "JavaScript", "SCSS", "CSS", "XML", "JSON", "comment", "blank", "total"
"c:\wamp64\www\role_and_permissions\README.md", "Markdown", 0, 45, 0, 0, 0, 0, 0, 0, 22, 67
"c:\wamp64\www\role_and_permissions\app\Http\Controllers\ActionUserController.php", "PHP", 47, 0, 0, 0, 0, 0, 0, 28, 17, 92
"c:\wamp64\www\role_and_permissions\app\Http\Controllers\ApprovedStatusController.php", "PHP", 29, 0, 0, 0, 0, 0, 0, 28, 10, 67
"c:\wamp64\www\role_and_permissions\app\Http\Controllers\Auth\ConfirmPasswordController.php", "PHP", 13, 0, 0, 0, 0, 0, 0, 20, 7, 40
"c:\wamp64\www\role_and_permissions\app\Http\Controllers\Auth\ForgotPasswordController.php", "PHP", 8, 0, 0, 0, 0, 0, 0, 10, 5, 23
"c:\wamp64\www\role_and_permissions\app\Http\Controllers\Auth\LoginController.php", "PHP", 14, 0, 0, 0, 0, 0, 0, 20, 7, 41
"c:\wamp64\www\role_and_permissions\app\Http\Controllers\Auth\RegisterController.php", "PHP", 32, 0, 0, 0, 0, 0, 0, 32, 9, 73
"c:\wamp64\www\role_and_permissions\app\Http\Controllers\Auth\ResetPasswordController.php", "PHP", 9, 0, 0, 0, 0, 0, 0, 15, 6, 30
"c:\wamp64\www\role_and_permissions\app\Http\Controllers\Auth\VerificationController.php", "PHP", 15, 0, 0, 0, 0, 0, 0, 20, 7, 42
"c:\wamp64\www\role_and_permissions\app\Http\Controllers\BlogCategoryController.php", "PHP", 87, 0, 0, 0, 0, 0, 0, 2, 29, 118
"c:\wamp64\www\role_and_permissions\app\Http\Controllers\BlogController.php", "PHP", 199, 0, 0, 0, 0, 0, 0, 9, 49, 257
"c:\wamp64\www\role_and_permissions\app\Http\Controllers\BlogSite.php", "PHP", 110, 0, 0, 0, 0, 0, 0, 26, 27, 163
"c:\wamp64\www\role_and_permissions\app\Http\Controllers\CityController.php", "PHP", 59, 0, 0, 0, 0, 0, 0, 0, 10, 69
"c:\wamp64\www\role_and_permissions\app\Http\Controllers\Controller.php", "PHP", 9, 0, 0, 0, 0, 0, 0, 0, 4, 13
"c:\wamp64\www\role_and_permissions\app\Http\Controllers\CountryController.php", "PHP", 59, 0, 0, 0, 0, 0, 0, 3, 9, 71
"c:\wamp64\www\role_and_permissions\app\Http\Controllers\DepartmentController.php", "PHP", 66, 0, 0, 0, 0, 0, 0, 22, 17, 105
"c:\wamp64\www\role_and_permissions\app\Http\Controllers\DesignationController.php", "PHP", 72, 0, 0, 0, 0, 0, 0, 23, 11, 106
"c:\wamp64\www\role_and_permissions\app\Http\Controllers\DomainController.php", "PHP", 83, 0, 0, 0, 0, 0, 0, 22, 19, 124
"c:\wamp64\www\role_and_permissions\app\Http\Controllers\FileManagerControllerController.php", "PHP", 30, 0, 0, 0, 0, 0, 0, 27, 10, 67
"c:\wamp64\www\role_and_permissions\app\Http\Controllers\HomeController.php", "PHP", 19, 0, 0, 0, 0, 0, 0, 10, 7, 36
"c:\wamp64\www\role_and_permissions\app\Http\Controllers\LanguageController.php", "PHP", 70, 0, 0, 0, 0, 0, 0, 23, 14, 107
"c:\wamp64\www\role_and_permissions\app\Http\Controllers\MenuController.php", "PHP", 114, 0, 0, 0, 0, 0, 0, 2, 30, 146
"c:\wamp64\www\role_and_permissions\app\Http\Controllers\ModuleController.php", "PHP", 227, 0, 0, 0, 0, 0, 0, 16, 63, 306
"c:\wamp64\www\role_and_permissions\app\Http\Controllers\NewsCategoryController.php", "PHP", 83, 0, 0, 0, 0, 0, 0, 2, 28, 113
"c:\wamp64\www\role_and_permissions\app\Http\Controllers\NewsController.php", "PHP", 190, 0, 0, 0, 0, 0, 0, 8, 59, 257
"c:\wamp64\www\role_and_permissions\app\Http\Controllers\PagesController.php", "PHP", 98, 0, 0, 0, 0, 0, 0, 3, 37, 138
"c:\wamp64\www\role_and_permissions\app\Http\Controllers\ProductController.php", "PHP", 60, 0, 0, 0, 0, 0, 0, 46, 16, 122
"c:\wamp64\www\role_and_permissions\app\Http\Controllers\RoleController.php", "PHP", 99, 0, 0, 0, 0, 0, 0, 1, 24, 124
"c:\wamp64\www\role_and_permissions\app\Http\Controllers\StateController.php", "PHP", 59, 0, 0, 0, 0, 0, 0, 7, 12, 78
"c:\wamp64\www\role_and_permissions\app\Http\Controllers\StatusController.php", "PHP", 29, 0, 0, 0, 0, 0, 0, 28, 10, 67
"c:\wamp64\www\role_and_permissions\app\Http\Controllers\UserController.php", "PHP", 85, 0, 0, 0, 0, 0, 0, 42, 23, 150
"c:\wamp64\www\role_and_permissions\app\Http\Controllers\helper\helpers.php", "PHP", 6, 0, 0, 0, 0, 0, 0, 6, 1, 13
"c:\wamp64\www\role_and_permissions\app\Http\Middleware\RolePermissionMiddleware.php", "PHP", 19, 0, 0, 0, 0, 0, 0, 0, 7, 26
"c:\wamp64\www\role_and_permissions\app\Http\Middleware\ValidUser.php", "PHP", 11, 0, 0, 0, 0, 0, 0, 17, 6, 34
"c:\wamp64\www\role_and_permissions\app\Http\Requests\StoreActionUserRequest.php", "PHP", 18, 0, 0, 0, 0, 0, 0, 8, 5, 31
"c:\wamp64\www\role_and_permissions\app\Http\Requests\StoreApprovedNewsStatusRequest.php", "PHP", 15, 0, 0, 0, 0, 0, 0, 9, 5, 29
"c:\wamp64\www\role_and_permissions\app\Http\Requests\StoreApprovedStatusRequest.php", "PHP", 15, 0, 0, 0, 0, 0, 0, 9, 5, 29
"c:\wamp64\www\role_and_permissions\app\Http\Requests\StoreDepartmentRequest.php", "PHP", 15, 0, 0, 0, 0, 0, 0, 9, 5, 29
"c:\wamp64\www\role_and_permissions\app\Http\Requests\StoreDesignationRequest.php", "PHP", 15, 0, 0, 0, 0, 0, 0, 9, 5, 29
"c:\wamp64\www\role_and_permissions\app\Http\Requests\StoreDomainRequest.php", "PHP", 15, 0, 0, 0, 0, 0, 0, 9, 5, 29
"c:\wamp64\www\role_and_permissions\app\Http\Requests\StoreFileManagerControllerRequest.php", "PHP", 15, 0, 0, 0, 0, 0, 0, 9, 5, 29
"c:\wamp64\www\role_and_permissions\app\Http\Requests\StoreLanguageRequest.php", "PHP", 15, 0, 0, 0, 0, 0, 0, 9, 5, 29
"c:\wamp64\www\role_and_permissions\app\Http\Requests\StoreMenuRequest.php", "PHP", 15, 0, 0, 0, 0, 0, 0, 9, 5, 29
"c:\wamp64\www\role_and_permissions\app\Http\Requests\StoreStatusRequest.php", "PHP", 15, 0, 0, 0, 0, 0, 0, 9, 5, 29
"c:\wamp64\www\role_and_permissions\app\Http\Requests\UpdateActionUserRequest.php", "PHP", 15, 0, 0, 0, 0, 0, 0, 9, 5, 29
"c:\wamp64\www\role_and_permissions\app\Http\Requests\UpdateApprovedNewsStatusRequest.php", "PHP", 15, 0, 0, 0, 0, 0, 0, 9, 5, 29
"c:\wamp64\www\role_and_permissions\app\Http\Requests\UpdateApprovedStatusRequest.php", "PHP", 15, 0, 0, 0, 0, 0, 0, 9, 5, 29
"c:\wamp64\www\role_and_permissions\app\Http\Requests\UpdateDepartmentRequest.php", "PHP", 15, 0, 0, 0, 0, 0, 0, 9, 5, 29
"c:\wamp64\www\role_and_permissions\app\Http\Requests\UpdateDesignationRequest.php", "PHP", 15, 0, 0, 0, 0, 0, 0, 9, 5, 29
"c:\wamp64\www\role_and_permissions\app\Http\Requests\UpdateDomainRequest.php", "PHP", 15, 0, 0, 0, 0, 0, 0, 9, 5, 29
"c:\wamp64\www\role_and_permissions\app\Http\Requests\UpdateFileManagerControllerRequest.php", "PHP", 15, 0, 0, 0, 0, 0, 0, 9, 5, 29
"c:\wamp64\www\role_and_permissions\app\Http\Requests\UpdateLanguageRequest.php", "PHP", 15, 0, 0, 0, 0, 0, 0, 9, 5, 29
"c:\wamp64\www\role_and_permissions\app\Http\Requests\UpdateMenuRequest.php", "PHP", 15, 0, 0, 0, 0, 0, 0, 9, 5, 29
"c:\wamp64\www\role_and_permissions\app\Http\Requests\UpdateStatusRequest.php", "PHP", 15, 0, 0, 0, 0, 0, 0, 9, 5, 29
"c:\wamp64\www\role_and_permissions\app\Models\ActionUser.php", "PHP", 15, 0, 0, 0, 0, 0, 0, 1, 5, 21
"c:\wamp64\www\role_and_permissions\app\Models\ApprovedNewsStatus.php", "PHP", 16, 0, 0, 0, 0, 0, 0, 1, 4, 21
"c:\wamp64\www\role_and_permissions\app\Models\ApprovedStatus.php", "PHP", 16, 0, 0, 0, 0, 0, 0, 1, 6, 23
"c:\wamp64\www\role_and_permissions\app\Models\Blog.php", "PHP", 40, 0, 0, 0, 0, 0, 0, 0, 12, 52
"c:\wamp64\www\role_and_permissions\app\Models\BlogCategory.php", "PHP", 16, 0, 0, 0, 0, 0, 0, 0, 3, 19
"c:\wamp64\www\role_and_permissions\app\Models\Blogs.php", "PHP", 6, 0, 0, 0, 0, 0, 0, 1, 4, 11
"c:\wamp64\www\role_and_permissions\app\Models\City.php", "PHP", 16, 0, 0, 0, 0, 0, 0, 0, 4, 20
"c:\wamp64\www\role_and_permissions\app\Models\Country.php", "PHP", 20, 0, 0, 0, 0, 0, 0, 0, 4, 24
"c:\wamp64\www\role_and_permissions\app\Models\Department.php", "PHP", 12, 0, 0, 0, 0, 0, 0, 5, 5, 22
"c:\wamp64\www\role_and_permissions\app\Models\Designation.php", "PHP", 16, 0, 0, 0, 0, 0, 0, 1, 6, 23
"c:\wamp64\www\role_and_permissions\app\Models\Domain.php", "PHP", 21, 0, 0, 0, 0, 0, 0, 1, 4, 26
"c:\wamp64\www\role_and_permissions\app\Models\FileManagerController.php", "PHP", 8, 0, 0, 0, 0, 0, 0, 1, 4, 13
"c:\wamp64\www\role_and_permissions\app\Models\Language.php", "PHP", 20, 0, 0, 0, 0, 0, 0, 1, 4, 25
"c:\wamp64\www\role_and_permissions\app\Models\Menu.php", "PHP", 14, 0, 0, 0, 0, 0, 0, 1, 4, 19
"c:\wamp64\www\role_and_permissions\app\Models\News.php", "PHP", 36, 0, 0, 0, 0, 0, 0, 0, 5, 41
"c:\wamp64\www\role_and_permissions\app\Models\NewsCategory.php", "PHP", 15, 0, 0, 0, 0, 0, 0, 0, 3, 18
"c:\wamp64\www\role_and_permissions\app\Models\Pages.php", "PHP", 12, 0, 0, 0, 0, 0, 0, 0, 4, 16
"c:\wamp64\www\role_and_permissions\app\Models\Permission.php", "PHP", 13, 0, 0, 0, 0, 0, 0, 0, 5, 18
"c:\wamp64\www\role_and_permissions\app\Models\Product.php", "PHP", 11, 0, 0, 0, 0, 0, 0, 5, 4, 20
"c:\wamp64\www\role_and_permissions\app\Models\State.php", "PHP", 13, 0, 0, 0, 0, 0, 0, 0, 4, 17
"c:\wamp64\www\role_and_permissions\app\Models\Status.php", "PHP", 16, 0, 0, 0, 0, 0, 0, 1, 5, 22
"c:\wamp64\www\role_and_permissions\app\Models\User.php", "PHP", 26, 0, 0, 0, 0, 0, 0, 15, 8, 49
"c:\wamp64\www\role_and_permissions\app\Models\module.php", "PHP", 29, 0, 0, 0, 0, 0, 0, 0, 7, 36
"c:\wamp64\www\role_and_permissions\app\Policies\ActionUserPolicy.php", "PHP", 36, 0, 0, 0, 0, 0, 0, 21, 10, 67
"c:\wamp64\www\role_and_permissions\app\Policies\ApprovedNewsStatusPolicy.php", "PHP", 36, 0, 0, 0, 0, 0, 0, 21, 10, 67
"c:\wamp64\www\role_and_permissions\app\Policies\ApprovedStatusPolicy.php", "PHP", 36, 0, 0, 0, 0, 0, 0, 21, 10, 67
"c:\wamp64\www\role_and_permissions\app\Policies\DepartmentPolicy.php", "PHP", 36, 0, 0, 0, 0, 0, 0, 21, 10, 67
"c:\wamp64\www\role_and_permissions\app\Policies\DesignationPolicy.php", "PHP", 36, 0, 0, 0, 0, 0, 0, 21, 10, 67
"c:\wamp64\www\role_and_permissions\app\Policies\DomainPolicy.php", "PHP", 36, 0, 0, 0, 0, 0, 0, 21, 10, 67
"c:\wamp64\www\role_and_permissions\app\Policies\FileManagerControllerPolicy.php", "PHP", 36, 0, 0, 0, 0, 0, 0, 21, 10, 67
"c:\wamp64\www\role_and_permissions\app\Policies\LanguagePolicy.php", "PHP", 36, 0, 0, 0, 0, 0, 0, 21, 10, 67
"c:\wamp64\www\role_and_permissions\app\Policies\MenuPolicy.php", "PHP", 36, 0, 0, 0, 0, 0, 0, 21, 10, 67
"c:\wamp64\www\role_and_permissions\app\Policies\StatusPolicy.php", "PHP", 36, 0, 0, 0, 0, 0, 0, 21, 10, 67
"c:\wamp64\www\role_and_permissions\app\Providers\AppServiceProvider.php", "PHP", 22, 0, 0, 0, 0, 0, 0, 10, 6, 38
"c:\wamp64\www\role_and_permissions\app\View\Components\ComponentName.php", "PHP", 16, 0, 0, 0, 0, 0, 0, 6, 5, 27
"c:\wamp64\www\role_and_permissions\bootstrap\app.php", "PHP", 21, 0, 0, 0, 0, 0, 0, 1, 2, 24
"c:\wamp64\www\role_and_permissions\bootstrap\providers.php", "PHP", 4, 0, 0, 0, 0, 0, 0, 0, 2, 6
"c:\wamp64\www\role_and_permissions\composer.json", "JSON", 0, 0, 0, 0, 0, 0, 82, 0, 1, 83
"c:\wamp64\www\role_and_permissions\composer.lock", "JSON", 0, 0, 0, 0, 0, 0, 8602, 0, 1, 8603
"c:\wamp64\www\role_and_permissions\config\app.php", "PHP", 27, 0, 0, 0, 0, 0, 0, 82, 22, 131
"c:\wamp64\www\role_and_permissions\config\auth.php", "PHP", 28, 0, 0, 0, 0, 0, 0, 74, 14, 116
"c:\wamp64\www\role_and_permissions\config\cache.php", "PHP", 57, 0, 0, 0, 0, 0, 0, 34, 18, 109
"c:\wamp64\www\role_and_permissions\config\database.php", "PHP", 108, 0, 0, 0, 0, 0, 0, 43, 23, 174
"c:\wamp64\www\role_and_permissions\config\datatables.php", "PHP", 33, 0, 0, 0, 0, 0, 0, 77, 18, 128
"c:\wamp64\www\role_and_permissions\config\file-manager.php", "PHP", 32, 0, 0, 0, 0, 0, 0, 110, 25, 167
"c:\wamp64\www\role_and_permissions\config\filesystems.php", "PHP", 40, 0, 0, 0, 0, 0, 0, 32, 13, 85
"c:\wamp64\www\role_and_permissions\config\logging.php", "PHP", 79, 0, 0, 0, 0, 0, 0, 33, 21, 133
"c:\wamp64\www\role_and_permissions\config\mail.php", "PHP", 55, 0, 0, 0, 0, 0, 0, 43, 19, 117
"c:\wamp64\www\role_and_permissions\config\permission.php", "PHP", 32, 0, 0, 0, 0, 0, 0, 109, 46, 187
"c:\wamp64\www\role_and_permissions\config\queue.php", "PHP", 52, 0, 0, 0, 0, 0, 0, 44, 17, 113
"c:\wamp64\www\role_and_permissions\config\services.php", "PHP", 20, 0, 0, 0, 0, 0, 0, 11, 8, 39
"c:\wamp64\www\role_and_permissions\config\session.php", "PHP", 23, 0, 0, 0, 0, 0, 0, 160, 35, 218
"c:\wamp64\www\role_and_permissions\database\factories\ActionUserFactory.php", "PHP", 17, 0, 0, 0, 0, 0, 0, 8, 4, 29
"c:\wamp64\www\role_and_permissions\database\factories\ApprovedNewsStatusFactory.php", "PHP", 11, 0, 0, 0, 0, 0, 0, 9, 4, 24
"c:\wamp64\www\role_and_permissions\database\factories\ApprovedStatusFactory.php", "PHP", 11, 0, 0, 0, 0, 0, 0, 9, 4, 24
"c:\wamp64\www\role_and_permissions\database\factories\BlogCategoryFactory.php", "PHP", 11, 0, 0, 0, 0, 0, 0, 9, 4, 24
"c:\wamp64\www\role_and_permissions\database\factories\BlogFactory.php", "PHP", 20, 0, 0, 0, 0, 0, 0, 9, 8, 37
"c:\wamp64\www\role_and_permissions\database\factories\DepartmentFactory.php", "PHP", 11, 0, 0, 0, 0, 0, 0, 9, 4, 24
"c:\wamp64\www\role_and_permissions\database\factories\DesignationFactory.php", "PHP", 11, 0, 0, 0, 0, 0, 0, 9, 4, 24
"c:\wamp64\www\role_and_permissions\database\factories\DomainFactory.php", "PHP", 11, 0, 0, 0, 0, 0, 0, 9, 4, 24
"c:\wamp64\www\role_and_permissions\database\factories\FileManagerControllerFactory.php", "PHP", 11, 0, 0, 0, 0, 0, 0, 9, 4, 24
"c:\wamp64\www\role_and_permissions\database\factories\LanguageFactory.php", "PHP", 11, 0, 0, 0, 0, 0, 0, 9, 4, 24
"c:\wamp64\www\role_and_permissions\database\factories\MenuFactory.php", "PHP", 11, 0, 0, 0, 0, 0, 0, 9, 4, 24
"c:\wamp64\www\role_and_permissions\database\factories\NewsCategoryFactory.php", "PHP", 11, 0, 0, 0, 0, 0, 0, 9, 4, 24
"c:\wamp64\www\role_and_permissions\database\factories\NewsFactory.php", "PHP", 20, 0, 0, 0, 0, 0, 0, 8, 7, 35
"c:\wamp64\www\role_and_permissions\database\factories\PagesFactory.php", "PHP", 18, 0, 0, 0, 0, 0, 0, 8, 4, 30
"c:\wamp64\www\role_and_permissions\database\factories\StatusFactory.php", "PHP", 11, 0, 0, 0, 0, 0, 0, 9, 4, 24
"c:\wamp64\www\role_and_permissions\database\factories\UserFactory.php", "PHP", 25, 0, 0, 0, 0, 0, 0, 14, 6, 45
"c:\wamp64\www\role_and_permissions\database\migrations\0001_01_01_000000_create_users_table.php", "PHP", 38, 0, 0, 0, 0, 0, 0, 6, 6, 50
"c:\wamp64\www\role_and_permissions\database\migrations\0001_01_01_000001_create_cache_table.php", "PHP", 25, 0, 0, 0, 0, 0, 0, 6, 5, 36
"c:\wamp64\www\role_and_permissions\database\migrations\0001_01_01_000002_create_jobs_table.php", "PHP", 46, 0, 0, 0, 0, 0, 0, 6, 6, 58
"c:\wamp64\www\role_and_permissions\database\migrations\2024_12_13_051318_create_permission_tables.php", "PHP", 109, 0, 0, 0, 0, 0, 0, 8, 24, 141
"c:\wamp64\www\role_and_permissions\database\migrations\2024_12_13_051405_create_products_table.php", "PHP", 20, 0, 0, 0, 0, 0, 0, 6, 4, 30
"c:\wamp64\www\role_and_permissions\database\migrations\2024_12_13_120354_create_blogs_table.php", "PHP", 23, 0, 0, 0, 0, 0, 0, 6, 4, 33
"c:\wamp64\www\role_and_permissions\database\migrations\2024_12_14_043701_create_news_table.php", "PHP", 23, 0, 0, 0, 0, 0, 0, 6, 4, 33
"c:\wamp64\www\role_and_permissions\database\migrations\2024_12_14_050620_create_blog_category_table.php", "PHP", 22, 0, 0, 0, 0, 0, 0, 6, 4, 32
"c:\wamp64\www\role_and_permissions\database\migrations\2024_12_14_055229_create_news_category_table.php", "PHP", 22, 0, 0, 0, 0, 0, 0, 6, 4, 32
"c:\wamp64\www\role_and_permissions\database\migrations\2024_12_14_061721_create_pages_table.php", "PHP", 21, 0, 0, 0, 0, 0, 0, 6, 4, 31
"c:\wamp64\www\role_and_permissions\database\migrations\2024_12_14_074326_add_user_id_to_blogs_table.php", "PHP", 19, 0, 0, 0, 0, 0, 0, 7, 4, 30
"c:\wamp64\www\role_and_permissions\database\migrations\2024_12_14_105159_add_user_id_to_news_table.php", "PHP", 19, 0, 0, 0, 0, 0, 0, 7, 4, 30
"c:\wamp64\www\role_and_permissions\database\migrations\2024_12_14_112536_add_user_id_to_pages_table.php", "PHP", 18, 0, 0, 0, 0, 0, 0, 7, 4, 29
"c:\wamp64\www\role_and_permissions\database\migrations\2024_12_17_035646_create_modules_table.php", "PHP", 20, 0, 0, 0, 0, 0, 0, 6, 5, 31
"c:\wamp64\www\role_and_permissions\database\migrations\2024_12_17_092147_createmodule_permission_table.php", "PHP", 20, 0, 0, 0, 0, 0, 0, 6, 4, 30
"c:\wamp64\www\role_and_permissions\database\migrations\2024_12_28_071330_create_action_users_table.php", "PHP", 22, 0, 0, 0, 0, 0, 0, 6, 5, 33
"c:\wamp64\www\role_and_permissions\database\migrations\2024_12_28_115920_add_deleted_at_to_action_users_table.php", "PHP", 19, 0, 0, 0, 0, 0, 0, 6, 4, 29
"c:\wamp64\www\role_and_permissions\database\migrations\2024_12_30_090720_create_menus_table.php", "PHP", 21, 0, 0, 0, 0, 0, 0, 6, 4, 31
"c:\wamp64\www\role_and_permissions\database\migrations\2025_01_02_091514_create_domains_table.php", "PHP", 28, 0, 0, 0, 0, 0, 0, 6, 4, 38
"c:\wamp64\www\role_and_permissions\database\migrations\2025_01_02_120424_create_languages_table.php", "PHP", 20, 0, 0, 0, 0, 0, 0, 6, 4, 30
"c:\wamp64\www\role_and_permissions\database\migrations\2025_01_03_040130_add_domain_to_blogs_table.php", "PHP", 19, 0, 0, 0, 0, 0, 0, 7, 4, 30
"c:\wamp64\www\role_and_permissions\database\migrations\2025_01_03_040322_add_domain_to_news_table.php", "PHP", 19, 0, 0, 0, 0, 0, 0, 7, 4, 30
"c:\wamp64\www\role_and_permissions\database\migrations\2025_01_04_043502_create_departments_table.php", "PHP", 19, 0, 0, 0, 0, 0, 0, 6, 4, 29
"c:\wamp64\www\role_and_permissions\database\migrations\2025_01_04_055024_create_designations_table.php", "PHP", 19, 0, 0, 0, 0, 0, 0, 6, 4, 29
"c:\wamp64\www\role_and_permissions\database\migrations\2025_01_06_061206_add_department_to_designations_table.php", "PHP", 18, 0, 0, 0, 0, 0, 0, 7, 4, 29
"c:\wamp64\www\role_and_permissions\database\migrations\2025_01_06_062942_add_level_to_designations_table.php", "PHP", 18, 0, 0, 0, 0, 0, 0, 7, 4, 29
"c:\wamp64\www\role_and_permissions\database\migrations\2025_01_06_064259_add_department_to_users_table.php", "PHP", 19, 0, 0, 0, 0, 0, 0, 7, 4, 30
"c:\wamp64\www\role_and_permissions\database\migrations\2025_01_07_091055_create_statuses_table.php", "PHP", 19, 0, 0, 0, 0, 0, 0, 6, 4, 29
"c:\wamp64\www\role_and_permissions\database\migrations\2025_01_07_101134_add_status_to_blogs_table.php", "PHP", 18, 0, 0, 0, 0, 0, 0, 7, 4, 29
"c:\wamp64\www\role_and_permissions\database\migrations\2025_01_07_115707_add_status_id__to_news_table.php", "PHP", 18, 0, 0, 0, 0, 0, 0, 7, 4, 29
"c:\wamp64\www\role_and_permissions\database\migrations\2025_01_10_051052_create_approved_statuses_table.php", "PHP", 22, 0, 0, 0, 0, 0, 0, 6, 4, 32
"c:\wamp64\www\role_and_permissions\database\migrations\2025_01_10_053405_add_designation_id_to_blogs_table.php", "PHP", 18, 0, 0, 0, 0, 0, 0, 7, 4, 29
"c:\wamp64\www\role_and_permissions\database\migrations\2025_01_16_045758_create_approved_news_statuses_table.php", "PHP", 22, 0, 0, 0, 0, 0, 0, 6, 4, 32
"c:\wamp64\www\role_and_permissions\database\migrations\2025_01_18_070506_country.php", "PHP", 79, 0, 0, 0, 0, 0, 0, 1, 5, 85
"c:\wamp64\www\role_and_permissions\database\migrations\2025_01_20_055221_add_country_id_to_blogs_table.php", "PHP", 18, 0, 0, 0, 0, 0, 0, 7, 4, 29
"c:\wamp64\www\role_and_permissions\database\migrations\2025_01_20_061003_add_country_id_to_news_table.php", "PHP", 18, 0, 0, 0, 0, 0, 0, 7, 4, 29
"c:\wamp64\www\role_and_permissions\database\migrations\2025_01_20_065637_create_City_table.php", "PHP", 50, 0, 0, 0, 0, 0, 0, 1, 5, 56
"c:\wamp64\www\role_and_permissions\database\migrations\2025_01_20_065642_create_State_table.php", "PHP", 39, 0, 0, 0, 0, 0, 0, 0, 5, 44
"c:\wamp64\www\role_and_permissions\database\migrations\2025_01_23_070925_create_file_manager_controllers_table.php", "PHP", 18, 0, 0, 0, 0, 0, 0, 6, 4, 28
"c:\wamp64\www\role_and_permissions\database\seeders\ActionUserSeeder.php", "PHP", 13, 0, 0, 0, 0, 0, 0, 3, 4, 20
"c:\wamp64\www\role_and_permissions\database\seeders\ApprovedNewsStatusSeeder.php", "PHP", 10, 0, 0, 0, 0, 0, 0, 4, 4, 18
"c:\wamp64\www\role_and_permissions\database\seeders\ApprovedStatusSeeder.php", "PHP", 10, 0, 0, 0, 0, 0, 0, 4, 4, 18
"c:\wamp64\www\role_and_permissions\database\seeders\BlogSeeder.php", "PHP", 14, 0, 0, 0, 0, 0, 0, 3, 4, 21
"c:\wamp64\www\role_and_permissions\database\seeders\CreateAdminUserSeeder.php", "PHP", 22, 0, 0, 0, 0, 0, 0, 3, 8, 33
"c:\wamp64\www\role_and_permissions\database\seeders\DatabaseSeeder.php", "PHP", 30, 0, 0, 0, 0, 0, 0, 11, 9, 50
"c:\wamp64\www\role_and_permissions\database\seeders\DepartmentSeeder.php", "PHP", 10, 0, 0, 0, 0, 0, 0, 4, 4, 18
"c:\wamp64\www\role_and_permissions\database\seeders\DesignationSeeder.php", "PHP", 10, 0, 0, 0, 0, 0, 0, 4, 4, 18
"c:\wamp64\www\role_and_permissions\database\seeders\DomainSeeder.php", "PHP", 10, 0, 0, 0, 0, 0, 0, 4, 4, 18
"c:\wamp64\www\role_and_permissions\database\seeders\FileManagerControllerSeeder.php", "PHP", 10, 0, 0, 0, 0, 0, 0, 4, 4, 18
"c:\wamp64\www\role_and_permissions\database\seeders\LanguageSeeder.php", "PHP", 10, 0, 0, 0, 0, 0, 0, 4, 4, 18
"c:\wamp64\www\role_and_permissions\database\seeders\MenuSeeder.php", "PHP", 10, 0, 0, 0, 0, 0, 0, 4, 4, 18
"c:\wamp64\www\role_and_permissions\database\seeders\NewsSeeder.php", "PHP", 14, 0, 0, 0, 0, 0, 0, 3, 4, 21
"c:\wamp64\www\role_and_permissions\database\seeders\PagesSeeder.php", "PHP", 14, 0, 0, 0, 0, 0, 0, 3, 5, 22
"c:\wamp64\www\role_and_permissions\database\seeders\PermissionTableSeeder.php", "PHP", 52, 0, 0, 0, 0, 0, 0, 3, 5, 60
"c:\wamp64\www\role_and_permissions\database\seeders\StatusSeeder.php", "PHP", 10, 0, 0, 0, 0, 0, 0, 4, 4, 18
"c:\wamp64\www\role_and_permissions\package-lock.json", "JSON", 0, 0, 0, 0, 0, 0, 3146, 0, 1, 3147
"c:\wamp64\www\role_and_permissions\package.json", "JSON", 0, 0, 0, 0, 0, 0, 20, 0, 1, 21
"c:\wamp64\www\role_and_permissions\phpunit.xml", "XML", 0, 0, 0, 0, 0, 31, 0, 2, 1, 34
"c:\wamp64\www\role_and_permissions\postcss.config.js", "JavaScript", 0, 0, 6, 0, 0, 0, 0, 0, 1, 7
"c:\wamp64\www\role_and_permissions\public\bootstrap-iconpicker\css\bootstrap-iconpicker.css", "CSS", 0, 0, 0, 0, 40, 0, 0, 9, 12, 61
"c:\wamp64\www\role_and_permissions\public\bootstrap-iconpicker\css\bootstrap-iconpicker.min.css", "CSS", 0, 0, 0, 0, 40, 0, 0, 9, 11, 60
"c:\wamp64\www\role_and_permissions\public\bootstrap-iconpicker\js\bootstrap-iconpicker-iconset-all.js", "JavaScript", 0, 0, 26369, 0, 0, 0, 0, 78, 67, 26514
"c:\wamp64\www\role_and_permissions\public\bootstrap-iconpicker\js\bootstrap-iconpicker-iconset-all.min.js", "JavaScript", 0, 0, 18, 0, 0, 0, 0, 9, 1, 28
"c:\wamp64\www\role_and_permissions\public\bootstrap-iconpicker\js\bootstrap-iconpicker.bundle.min.js", "JavaScript", 0, 0, 19, 0, 0, 0, 0, 9, 1, 29
"c:\wamp64\www\role_and_permissions\public\bootstrap-iconpicker\js\bootstrap-iconpicker.js", "JavaScript", 0, 0, 462, 0, 0, 0, 0, 34, 55, 551
"c:\wamp64\www\role_and_permissions\public\bootstrap-iconpicker\js\bootstrap-iconpicker.min.js", "JavaScript", 0, 0, 1, 0, 0, 0, 0, 9, 1, 11
"c:\wamp64\www\role_and_permissions\public\bootstrap-iconpicker\js\iconset\fontawesome5-3-1-pro.js", "JavaScript", 0, 0, 2647, 0, 0, 0, 0, 6, 2, 2655
"c:\wamp64\www\role_and_permissions\public\bootstrap-iconpicker\js\iconset\fontawesome5-3-1.js", "JavaScript", 0, 0, 1351, 0, 0, 0, 0, 6, 2, 1359
"c:\wamp64\www\role_and_permissions\public\bootstrap-iconpicker\js\iconset\fontawesome5-3-1.min.js", "JavaScript", 0, 0, 1, 0, 0, 0, 0, 0, 0, 1
"c:\wamp64\www\role_and_permissions\public\bootstrap-iconpicker\js\iconset\ionicon2-0-1.js", "JavaScript", 0, 0, 743, 0, 0, 0, 0, 6, 2, 751
"c:\wamp64\www\role_and_permissions\public\bootstrap-iconpicker\js\iconset\materialdesign2-2-0.js", "JavaScript", 0, 0, 828, 0, 0, 0, 0, 6, 2, 836
"c:\wamp64\www\role_and_permissions\public\bootstrap-iconpicker\js\jquery-menu-editor.js", "JavaScript", 0, 0, 1018, 0, 0, 0, 0, 225, 157, 1400
"c:\wamp64\www\role_and_permissions\public\bootstrap-iconpicker\js\jquery-menu-editor.min.js", "JavaScript", 0, 0, 3, 0, 0, 0, 0, 9, 0, 12
"c:\wamp64\www\role_and_permissions\public\css\Flaticon.svg", "XML", 0, 0, 0, 0, 0, 205, 0, 3, 1, 209
"c:\wamp64\www\role_and_permissions\public\css\Linearicons-Free.svg", "XML", 0, 0, 0, 0, 0, 199, 0, 0, 0, 199
"c:\wamp64\www\role_and_permissions\public\css\about.css", "CSS", 0, 0, 0, 0, 52, 0, 0, 2, 9, 63
"c:\wamp64\www\role_and_permissions\public\css\animate.css", "CSS", 0, 0, 0, 0, 1274, 0, 0, 1025, 201, 2500
"c:\wamp64\www\role_and_permissions\public\css\blogsite.css", "CSS", 0, 0, 0, 0, 237, 0, 0, 11, 47, 295
"c:\wamp64\www\role_and_permissions\public\css\bootsnav.css", "CSS", 0, 0, 0, 0, 1170, 0, 0, 60, 245, 1475
"c:\wamp64\www\role_and_permissions\public\css\bootstrap.min.css", "CSS", 0, 0, 0, 0, 1, 0, 0, 5, 0, 6
"c:\wamp64\www\role_and_permissions\public\css\contactus.css", "CSS", 0, 0, 0, 0, 162, 0, 0, 6, 31, 199
"c:\wamp64\www\role_and_permissions\public\css\flaticon.css", "CSS", 0, 0, 0, 0, 35, 0, 0, 4, 4, 43
"c:\wamp64\www\role_and_permissions\public\css\font-awesome.min.css", "CSS", 0, 0, 0, 0, 1, 0, 0, 3, 1, 5
"c:\wamp64\www\role_and_permissions\public\css\fontawesome-webfont.svg", "XML", 0, 0, 0, 0, 0, 2671, 0, 0, 1, 2672
"c:\wamp64\www\role_and_permissions\public\css\glyphicons-halflings-regular.svg", "XML", 0, 0, 0, 0, 0, 288, 0, 0, 0, 288
"c:\wamp64\www\role_and_permissions\public\css\linearicons.css", "CSS", 0, 0, 0, 0, 532, 0, 0, 1, 3, 536
"c:\wamp64\www\role_and_permissions\public\css\responsive.css", "CSS", 0, 0, 0, 0, 82, 0, 0, 0, 36, 118
"c:\wamp64\www\role_and_permissions\public\css\sidebar.css", "CSS", 0, 0, 0, 0, 150, 0, 0, 34, 34, 218
"c:\wamp64\www\role_and_permissions\public\css\sitefooter.css", "CSS", 0, 0, 0, 0, 68, 0, 0, 4, 13, 85
"c:\wamp64\www\role_and_permissions\public\css\slick-theme.css", "CSS", 0, 0, 0, 0, 170, 0, 0, 4, 31, 205
"c:\wamp64\www\role_and_permissions\public\css\slick.css", "CSS", 0, 0, 0, 0, 104, 0, 0, 1, 15, 120
"c:\wamp64\www\role_and_permissions\public\css\slick.svg", "XML", 0, 0, 0, 0, 0, 13, 0, 0, 2, 15
"c:\wamp64\www\role_and_permissions\public\css\style.css", "CSS", 0, 0, 0, 0, 797, 0, 0, 89, 65, 951
"c:\wamp64\www\role_and_permissions\public\index.php", "PHP", 9, 0, 0, 0, 0, 0, 0, 3, 6, 18
"c:\wamp64\www\role_and_permissions\public\js\apexcharts.js", "JavaScript", 0, 0, 81, 0, 0, 0, 0, 25, 7, 113
"c:\wamp64\www\role_and_permissions\public\js\bootsnav.js", "JavaScript", 0, 0, 417, 0, 0, 0, 0, 101, 81, 599
"c:\wamp64\www\role_and_permissions\public\js\bootstrap.js", "JavaScript", 0, 0, 371, 0, 0, 0, 0, 257, 181, 809
"c:\wamp64\www\role_and_permissions\public\js\bootstrap.min.js", "JavaScript", 0, 0, 2, 0, 0, 0, 0, 5, 0, 7
"c:\wamp64\www\role_and_permissions\public\js\config.js", "JavaScript", 0, 0, 18, 0, 0, 0, 0, 7, 5, 30
"c:\wamp64\www\role_and_permissions\public\js\custom.js", "JavaScript", 0, 0, 66, 0, 0, 0, 0, 18, 27, 111
"c:\wamp64\www\role_and_permissions\public\js\dashboards-analytics.js", "JavaScript", 0, 0, 637, 0, 0, 0, 0, 16, 10, 663
"c:\wamp64\www\role_and_permissions\public\js\feather.min.js", "JavaScript", 0, 0, 2, 0, 0, 0, 0, 5, 0, 7
"c:\wamp64\www\role_and_permissions\public\js\helpers.js", "JavaScript", 0, 0, 76, 0, 0, 0, 0, 21, 4, 101
"c:\wamp64\www\role_and_permissions\public\js\jquery.counterup.min.js", "JavaScript", 0, 0, 2, 0, 0, 0, 0, 7, 0, 9
"c:\wamp64\www\role_and_permissions\public\js\jquery.js", "JavaScript", 0, 0, 80, 0, 0, 0, 0, 25, 7, 112
"c:\wamp64\www\role_and_permissions\public\js\main.js", "JavaScript", 0, 0, 74, 0, 0, 0, 0, 25, 20, 119
"c:\wamp64\www\role_and_permissions\public\js\menu.js", "JavaScript", 0, 0, 76, 0, 0, 0, 0, 21, 4, 101
"c:\wamp64\www\role_and_permissions\public\js\perfect-scrollbar.js", "JavaScript", 0, 0, 80, 0, 0, 0, 0, 25, 7, 112
"c:\wamp64\www\role_and_permissions\public\js\popper.js", "JavaScript", 0, 0, 80, 0, 0, 0, 0, 25, 7, 112
"c:\wamp64\www\role_and_permissions\public\js\slick.min.js", "JavaScript", 0, 0, 2, 0, 0, 0, 0, 16, 0, 18
"c:\wamp64\www\role_and_permissions\public\js\waypoints.min.js", "JavaScript", 0, 0, 1, 0, 0, 0, 0, 7, 0, 8
"c:\wamp64\www\role_and_permissions\public\vendor\file-manager\css\file-manager.css", "CSS", 0, 0, 0, 0, 2, 0, 0, 7, 1, 10
"c:\wamp64\www\role_and_permissions\public\vendor\file-manager\js\file-manager.js", "JavaScript", 0, 0, 103, 0, 0, 0, 0, 10, 2, 115
"c:\wamp64\www\role_and_permissions\resources\css\app.css", "CSS", 0, 0, 0, 0, 3, 0, 0, 0, 1, 4
"c:\wamp64\www\role_and_permissions\resources\js\app.js", "JavaScript", 0, 0, 1, 0, 0, 0, 0, 2, 0, 3
"c:\wamp64\www\role_and_permissions\resources\js\bootstrap.js", "JavaScript", 0, 0, 4, 0, 0, 0, 0, 23, 8, 35
"c:\wamp64\www\role_and_permissions\resources\sass\_variables.scss", "SCSS", 0, 0, 0, 4, 0, 0, 0, 2, 2, 8
"c:\wamp64\www\role_and_permissions\resources\sass\app.scss", "SCSS", 0, 0, 0, 3, 0, 0, 0, 3, 3, 9
"c:\wamp64\www\role_and_permissions\resources\views\SiteLayout\appSite.blade.php", "PHP", 16, 0, 0, 0, 0, 0, 0, 0, 8, 24
"c:\wamp64\www\role_and_permissions\resources\views\SiteLayout\footer.blade.php", "PHP", 68, 0, 0, 0, 0, 0, 0, 0, 2, 70
"c:\wamp64\www\role_and_permissions\resources\views\SiteLayout\header.blade.php", "PHP", 307, 0, 0, 0, 0, 0, 0, 3, 24, 334
"c:\wamp64\www\role_and_permissions\resources\views\auth\login.blade.php", "PHP", 61, 0, 0, 0, 0, 0, 0, 0, 13, 74
"c:\wamp64\www\role_and_permissions\resources\views\auth\passwords\confirm.blade.php", "PHP", 41, 0, 0, 0, 0, 0, 0, 0, 9, 50
"c:\wamp64\www\role_and_permissions\resources\views\auth\passwords\email.blade.php", "PHP", 40, 0, 0, 0, 0, 0, 0, 0, 8, 48
"c:\wamp64\www\role_and_permissions\resources\views\auth\passwords\reset.blade.php", "PHP", 53, 0, 0, 0, 0, 0, 0, 0, 13, 66
"c:\wamp64\www\role_and_permissions\resources\views\auth\register.blade.php", "PHP", 63, 0, 0, 0, 0, 0, 0, 0, 15, 78
"c:\wamp64\www\role_and_permissions\resources\views\auth\verify.blade.php", "PHP", 25, 0, 0, 0, 0, 0, 0, 0, 4, 29
"c:\wamp64\www\role_and_permissions\resources\views\backend\City\create.blade.php", "PHP", 133, 0, 0, 0, 0, 0, 0, 0, 27, 160
"c:\wamp64\www\role_and_permissions\resources\views\backend\City\edit.blade.php", "PHP", 134, 0, 0, 0, 0, 0, 0, 0, 27, 161
"c:\wamp64\www\role_and_permissions\resources\views\backend\City\index.blade.php", "PHP", 49, 0, 0, 0, 0, 0, 0, 0, 12, 61
"c:\wamp64\www\role_and_permissions\resources\views\backend\Country\create.blade.php", "PHP", 62, 0, 0, 0, 0, 0, 0, 0, 14, 76
"c:\wamp64\www\role_and_permissions\resources\views\backend\Country\edit.blade.php", "PHP", 0, 0, 0, 0, 0, 0, 0, 0, 1, 1
"c:\wamp64\www\role_and_permissions\resources\views\backend\Country\index.blade.php", "PHP", 49, 0, 0, 0, 0, 0, 0, 0, 12, 61
"c:\wamp64\www\role_and_permissions\resources\views\backend\NewsList\index.blade.php", "PHP", 1, 0, 0, 0, 0, 0, 0, 0, 0, 1
"c:\wamp64\www\role_and_permissions\resources\views\backend\State\create.blade.php", "PHP", 59, 0, 0, 0, 0, 0, 0, 0, 11, 70
"c:\wamp64\www\role_and_permissions\resources\views\backend\State\edit.blade.php", "PHP", 58, 0, 0, 0, 0, 0, 0, 0, 11, 69
"c:\wamp64\www\role_and_permissions\resources\views\backend\State\index.blade.php", "PHP", 47, 0, 0, 0, 0, 0, 0, 0, 13, 60
"c:\wamp64\www\role_and_permissions\resources\views\backend\blogCategory\create.blade.php", "PHP", 67, 0, 0, 0, 0, 0, 0, 0, 7, 74
"c:\wamp64\www\role_and_permissions\resources\views\backend\blogCategory\edit.blade.php", "PHP", 56, 0, 0, 0, 0, 0, 0, 0, 9, 65
"c:\wamp64\www\role_and_permissions\resources\views\backend\blogCategory\index.blade.php", "PHP", 77, 0, 0, 0, 0, 0, 0, 9, 11, 97
"c:\wamp64\www\role_and_permissions\resources\views\backend\blogCategory\show.blade.php", "PHP", 33, 0, 0, 0, 0, 0, 0, 0, 4, 37
"c:\wamp64\www\role_and_permissions\resources\views\backend\blog\create.blade.php", "PHP", 129, 0, 0, 0, 0, 0, 0, 0, 13, 142
"c:\wamp64\www\role_and_permissions\resources\views\backend\blog\edit.blade.php", "PHP", 123, 0, 0, 0, 0, 0, 0, 0, 18, 141
"c:\wamp64\www\role_and_permissions\resources\views\backend\blog\index.blade.php", "PHP", 164, 0, 0, 0, 0, 0, 0, 0, 19, 183
"c:\wamp64\www\role_and_permissions\resources\views\backend\blog\show.blade.php", "PHP", 27, 0, 0, 0, 0, 0, 0, 0, 4, 31
"c:\wamp64\www\role_and_permissions\resources\views\backend\components\component-name.blade.php", "PHP", 6, 0, 0, 0, 0, 0, 0, 0, 0, 6
"c:\wamp64\www\role_and_permissions\resources\views\backend\department\create.blade.php", "PHP", 25, 0, 0, 0, 0, 0, 0, 0, 4, 29
"c:\wamp64\www\role_and_permissions\resources\views\backend\department\edit.blade.php", "PHP", 25, 0, 0, 0, 0, 0, 0, 0, 3, 28
"c:\wamp64\www\role_and_permissions\resources\views\backend\department\index.blade.php", "PHP", 49, 0, 0, 0, 0, 0, 0, 0, 14, 63
"c:\wamp64\www\role_and_permissions\resources\views\backend\designation\create.blade.php", "PHP", 49, 0, 0, 0, 0, 0, 0, 0, 3, 52
"c:\wamp64\www\role_and_permissions\resources\views\backend\designation\edit.blade.php", "PHP", 49, 0, 0, 0, 0, 0, 0, 0, 3, 52
"c:\wamp64\www\role_and_permissions\resources\views\backend\designation\index.blade.php", "PHP", 50, 0, 0, 0, 0, 0, 0, 0, 8, 58
"c:\wamp64\www\role_and_permissions\resources\views\backend\domain\create.blade.php", "PHP", 127, 0, 0, 0, 0, 0, 0, 2, 23, 152
"c:\wamp64\www\role_and_permissions\resources\views\backend\domain\edit.blade.php", "PHP", 75, 0, 0, 0, 0, 0, 0, 1, 14, 90
"c:\wamp64\www\role_and_permissions\resources\views\backend\domain\index.blade.php", "PHP", 61, 0, 0, 0, 0, 0, 0, 0, 14, 75
"c:\wamp64\www\role_and_permissions\resources\views\backend\errors\401.blade.php", "PHP", 4, 0, 0, 0, 0, 0, 0, 0, 2, 6
"c:\wamp64\www\role_and_permissions\resources\views\backend\errors\402.blade.php", "PHP", 4, 0, 0, 0, 0, 0, 0, 0, 2, 6
"c:\wamp64\www\role_and_permissions\resources\views\backend\errors\403.blade.php", "PHP", 41, 0, 0, 0, 0, 0, 0, 0, 7, 48
"c:\wamp64\www\role_and_permissions\resources\views\backend\errors\404.blade.php", "PHP", 4, 0, 0, 0, 0, 0, 0, 0, 2, 6
"c:\wamp64\www\role_and_permissions\resources\views\backend\errors\419.blade.php", "PHP", 4, 0, 0, 0, 0, 0, 0, 0, 2, 6
"c:\wamp64\www\role_and_permissions\resources\views\backend\errors\429.blade.php", "PHP", 4, 0, 0, 0, 0, 0, 0, 0, 2, 6
"c:\wamp64\www\role_and_permissions\resources\views\backend\errors\500.blade.php", "PHP", 4, 0, 0, 0, 0, 0, 0, 0, 2, 6
"c:\wamp64\www\role_and_permissions\resources\views\backend\errors\503.blade.php", "PHP", 4, 0, 0, 0, 0, 0, 0, 0, 2, 6
"c:\wamp64\www\role_and_permissions\resources\views\backend\errors\layout.blade.php", "PHP", 46, 0, 0, 0, 0, 0, 0, 0, 8, 54
"c:\wamp64\www\role_and_permissions\resources\views\backend\errors\minimal.blade.php", "PHP", 30, 0, 0, 0, 0, 0, 0, 0, 5, 35
"c:\wamp64\www\role_and_permissions\resources\views\backend\filemanager\filemanager.blade.php", "PHP", 28, 0, 0, 0, 0, 0, 0, 0, 6, 34
"c:\wamp64\www\role_and_permissions\resources\views\backend\language\create.blade.php", "PHP", 31, 0, 0, 0, 0, 0, 0, 0, 3, 34
"c:\wamp64\www\role_and_permissions\resources\views\backend\language\edit.blade.php", "PHP", 32, 0, 0, 0, 0, 0, 0, 0, 3, 35
"c:\wamp64\www\role_and_permissions\resources\views\backend\language\index.blade.php", "PHP", 56, 0, 0, 0, 0, 0, 0, 0, 9, 65
"c:\wamp64\www\role_and_permissions\resources\views\backend\layouts\app.blade.php", "PHP", 133, 0, 0, 0, 0, 0, 0, 1, 21, 155
"c:\wamp64\www\role_and_permissions\resources\views\backend\layouts\sidebar.blade.php", "PHP", 197, 0, 0, 0, 0, 0, 0, 0, 32, 229
"c:\wamp64\www\role_and_permissions\resources\views\backend\menu\create.blade.php", "PHP", 44, 0, 0, 0, 0, 0, 0, 0, 8, 52
"c:\wamp64\www\role_and_permissions\resources\views\backend\menu\edit.blade.php", "PHP", 46, 0, 0, 0, 0, 0, 0, 0, 9, 55
"c:\wamp64\www\role_and_permissions\resources\views\backend\menu\index.blade.php", "PHP", 45, 0, 0, 0, 0, 0, 0, 0, 11, 56
"c:\wamp64\www\role_and_permissions\resources\views\backend\menu\menu.blade.php", "PHP", 132, 0, 0, 0, 0, 0, 0, 5, 25, 162
"c:\wamp64\www\role_and_permissions\resources\views\backend\module\Access.blade.php", "PHP", 92, 0, 0, 0, 0, 0, 0, 4, 9, 105
"c:\wamp64\www\role_and_permissions\resources\views\backend\module\addpermission.blade.php", "PHP", 31, 0, 0, 0, 0, 0, 0, 0, 8, 39
"c:\wamp64\www\role_and_permissions\resources\views\backend\module\create.blade.php", "PHP", 48, 0, 0, 0, 0, 0, 0, 0, 9, 57
"c:\wamp64\www\role_and_permissions\resources\views\backend\module\edit.blade.php", "PHP", 38, 0, 0, 0, 0, 0, 0, 0, 11, 49
"c:\wamp64\www\role_and_permissions\resources\views\backend\module\index.blade.php", "PHP", 228, 0, 0, 0, 0, 0, 0, 3, 26, 257
"c:\wamp64\www\role_and_permissions\resources\views\backend\module\mvc.blade.php", "PHP", 23, 0, 0, 0, 0, 0, 0, 0, 4, 27
"c:\wamp64\www\role_and_permissions\resources\views\backend\module\recycle.blade.php", "PHP", 68, 0, 0, 0, 0, 0, 0, 0, 8, 76
"c:\wamp64\www\role_and_permissions\resources\views\backend\module\show.blade.php", "PHP", 27, 0, 0, 0, 0, 0, 0, 0, 4, 31
"c:\wamp64\www\role_and_permissions\resources\views\backend\newsCategory\create.blade.php", "PHP", 67, 0, 0, 0, 0, 0, 0, 0, 7, 74
"c:\wamp64\www\role_and_permissions\resources\views\backend\newsCategory\edit.blade.php", "PHP", 56, 0, 0, 0, 0, 0, 0, 0, 9, 65
"c:\wamp64\www\role_and_permissions\resources\views\backend\newsCategory\index.blade.php", "PHP", 47, 0, 0, 0, 0, 0, 0, 0, 11, 58
"c:\wamp64\www\role_and_permissions\resources\views\backend\newsCategory\show.blade.php", "PHP", 33, 0, 0, 0, 0, 0, 0, 0, 4, 37
"c:\wamp64\www\role_and_permissions\resources\views\backend\news\create.blade.php", "PHP", 111, 0, 0, 0, 0, 0, 0, 0, 13, 124
"c:\wamp64\www\role_and_permissions\resources\views\backend\news\edit.blade.php", "PHP", 113, 0, 0, 0, 0, 0, 0, 0, 12, 125
"c:\wamp64\www\role_and_permissions\resources\views\backend\news\index.blade.php", "PHP", 104, 0, 0, 0, 0, 0, 0, 0, 18, 122
"c:\wamp64\www\role_and_permissions\resources\views\backend\news\show.blade.php", "PHP", 27, 0, 0, 0, 0, 0, 0, 0, 4, 31
"c:\wamp64\www\role_and_permissions\resources\views\backend\pages\create.blade.php", "PHP", 43, 0, 0, 0, 0, 0, 0, 0, 8, 51
"c:\wamp64\www\role_and_permissions\resources\views\backend\pages\edit.blade.php", "PHP", 44, 0, 0, 0, 0, 0, 0, 0, 10, 54
"c:\wamp64\www\role_and_permissions\resources\views\backend\pages\index.blade.php", "PHP", 43, 0, 0, 0, 0, 0, 0, 0, 10, 53
"c:\wamp64\www\role_and_permissions\resources\views\backend\pages\show.blade.php", "PHP", 27, 0, 0, 0, 0, 0, 0, 0, 5, 32
"c:\wamp64\www\role_and_permissions\resources\views\backend\products\create.blade.php", "PHP", 43, 0, 0, 0, 0, 0, 0, 0, 7, 50
"c:\wamp64\www\role_and_permissions\resources\views\backend\products\edit.blade.php", "PHP", 44, 0, 0, 0, 0, 0, 0, 0, 7, 51
"c:\wamp64\www\role_and_permissions\resources\views\backend\products\index.blade.php", "PHP", 49, 0, 0, 0, 0, 0, 0, 0, 9, 58
"c:\wamp64\www\role_and_permissions\resources\views\backend\products\show.blade.php", "PHP", 27, 0, 0, 0, 0, 0, 0, 0, 5, 32
"c:\wamp64\www\role_and_permissions\resources\views\backend\roles\create.blade.php", "PHP", 48, 0, 0, 0, 0, 0, 0, 0, 6, 54
"c:\wamp64\www\role_and_permissions\resources\views\backend\roles\edit.blade.php", "PHP", 163, 0, 0, 0, 0, 0, 0, 4, 23, 190
"c:\wamp64\www\role_and_permissions\resources\views\backend\roles\index.blade.php", "PHP", 47, 0, 0, 0, 0, 0, 0, 0, 9, 56
"c:\wamp64\www\role_and_permissions\resources\views\backend\roles\show.blade.php", "PHP", 31, 0, 0, 0, 0, 0, 0, 0, 3, 34
"c:\wamp64\www\role_and_permissions\resources\views\backend\users\create.blade.php", "PHP", 91, 0, 0, 0, 0, 0, 0, 0, 6, 97
"c:\wamp64\www\role_and_permissions\resources\views\backend\users\edit.blade.php", "PHP", 92, 0, 0, 0, 0, 0, 0, 0, 6, 98
"c:\wamp64\www\role_and_permissions\resources\views\backend\users\index.blade.php", "PHP", 51, 0, 0, 0, 0, 0, 0, 0, 7, 58
"c:\wamp64\www\role_and_permissions\resources\views\backend\users\show.blade.php", "PHP", 37, 0, 0, 0, 0, 0, 0, 0, 3, 40
"c:\wamp64\www\role_and_permissions\resources\views\blogsite\NewsSiteCategories.blade.php", "PHP", 88, 0, 0, 0, 0, 0, 0, 0, 12, 100
"c:\wamp64\www\role_and_permissions\resources\views\blogsite\about.blade.php", "PHP", 60, 0, 0, 0, 0, 0, 0, 0, 12, 72
"c:\wamp64\www\role_and_permissions\resources\views\blogsite\blogcategories.blade.php", "PHP", 89, 0, 0, 0, 0, 0, 0, 6, 6, 101
"c:\wamp64\www\role_and_permissions\resources\views\blogsite\blogsite.blade.php", "PHP", 129, 0, 0, 0, 0, 0, 0, 6, 9, 144
"c:\wamp64\www\role_and_permissions\resources\views\blogsite\blogsitecateg.blade.php", "PHP", 36, 0, 0, 0, 0, 0, 0, 0, 3, 39
"c:\wamp64\www\role_and_permissions\resources\views\blogsite\contactus.blade.php", "PHP", 58, 0, 0, 0, 0, 0, 0, 0, 9, 67
"c:\wamp64\www\role_and_permissions\resources\views\blogsite\readmore.blade.php", "PHP", 35, 0, 0, 0, 0, 0, 0, 0, 3, 38
"c:\wamp64\www\role_and_permissions\resources\views\blogsite\readmorenews.blade.php", "PHP", 35, 0, 0, 0, 0, 0, 0, 0, 3, 38
"c:\wamp64\www\role_and_permissions\resources\views\components\component-name.blade.php", "PHP", 6, 0, 0, 0, 0, 0, 0, 0, 0, 6
"c:\wamp64\www\role_and_permissions\resources\views\errors\401.blade.php", "PHP", 4, 0, 0, 0, 0, 0, 0, 0, 2, 6
"c:\wamp64\www\role_and_permissions\resources\views\errors\402.blade.php", "PHP", 4, 0, 0, 0, 0, 0, 0, 0, 2, 6
"c:\wamp64\www\role_and_permissions\resources\views\errors\403.blade.php", "PHP", 41, 0, 0, 0, 0, 0, 0, 0, 7, 48
"c:\wamp64\www\role_and_permissions\resources\views\errors\404.blade.php", "PHP", 4, 0, 0, 0, 0, 0, 0, 0, 2, 6
"c:\wamp64\www\role_and_permissions\resources\views\errors\419.blade.php", "PHP", 4, 0, 0, 0, 0, 0, 0, 0, 2, 6
"c:\wamp64\www\role_and_permissions\resources\views\errors\429.blade.php", "PHP", 4, 0, 0, 0, 0, 0, 0, 0, 2, 6
"c:\wamp64\www\role_and_permissions\resources\views\errors\500.blade.php", "PHP", 4, 0, 0, 0, 0, 0, 0, 0, 2, 6
"c:\wamp64\www\role_and_permissions\resources\views\errors\503.blade.php", "PHP", 4, 0, 0, 0, 0, 0, 0, 0, 2, 6
"c:\wamp64\www\role_and_permissions\resources\views\errors\layout.blade.php", "PHP", 46, 0, 0, 0, 0, 0, 0, 0, 8, 54
"c:\wamp64\www\role_and_permissions\resources\views\errors\minimal.blade.php", "PHP", 30, 0, 0, 0, 0, 0, 0, 0, 5, 35
"c:\wamp64\www\role_and_permissions\resources\views\frontend\blogsite\NewsSiteCategories.blade.php", "PHP", 88, 0, 0, 0, 0, 0, 0, 0, 12, 100
"c:\wamp64\www\role_and_permissions\resources\views\frontend\blogsite\about.blade.php", "PHP", 60, 0, 0, 0, 0, 0, 0, 0, 12, 72
"c:\wamp64\www\role_and_permissions\resources\views\frontend\blogsite\blogcategories.blade.php", "PHP", 89, 0, 0, 0, 0, 0, 0, 6, 6, 101
"c:\wamp64\www\role_and_permissions\resources\views\frontend\blogsite\blogsite.blade.php", "PHP", 129, 0, 0, 0, 0, 0, 0, 6, 9, 144
"c:\wamp64\www\role_and_permissions\resources\views\frontend\blogsite\blogsitecateg.blade.php", "PHP", 36, 0, 0, 0, 0, 0, 0, 0, 3, 39
"c:\wamp64\www\role_and_permissions\resources\views\frontend\blogsite\contactus.blade.php", "PHP", 58, 0, 0, 0, 0, 0, 0, 0, 9, 67
"c:\wamp64\www\role_and_permissions\resources\views\frontend\blogsite\readmore.blade.php", "PHP", 35, 0, 0, 0, 0, 0, 0, 0, 3, 38
"c:\wamp64\www\role_and_permissions\resources\views\frontend\blogsite\readmorenews.blade.php", "PHP", 35, 0, 0, 0, 0, 0, 0, 0, 3, 38
"c:\wamp64\www\role_and_permissions\resources\views\frontend\front.blade.php", "PHP", 544, 0, 0, 0, 0, 0, 0, 3, 33, 580
"c:\wamp64\www\role_and_permissions\resources\views\frontend\readmore.blade.php", "PHP", 35, 0, 0, 0, 0, 0, 0, 0, 3, 38
"c:\wamp64\www\role_and_permissions\resources\views\home.blade.php", "PHP", 21, 0, 0, 0, 0, 0, 0, 0, 8, 29
"c:\wamp64\www\role_and_permissions\resources\views\layout2\app2.blade.php", "PHP", 17, 0, 0, 0, 0, 0, 0, 0, 6, 23
"c:\wamp64\www\role_and_permissions\resources\views\layout2\blogsitefooter.blade.php", "PHP", 58, 0, 0, 0, 0, 0, 0, 0, 11, 69
"c:\wamp64\www\role_and_permissions\resources\views\layout2\blogsiteheader.blade.php", "PHP", 99, 0, 0, 0, 0, 0, 0, 0, 4, 103
"c:\wamp64\www\role_and_permissions\resources\views\layout2\blogsiteheader2.blade.php", "PHP", 29, 0, 0, 0, 0, 0, 0, 0, 4, 33
"c:\wamp64\www\role_and_permissions\resources\views\vendor\pagination\bootstrap-4.blade.php", "PHP", 43, 0, 0, 0, 0, 0, 0, 0, 4, 47
"c:\wamp64\www\role_and_permissions\resources\views\vendor\pagination\bootstrap-5.blade.php", "PHP", 82, 0, 0, 0, 0, 0, 0, 0, 7, 89
"c:\wamp64\www\role_and_permissions\resources\views\vendor\pagination\default.blade.php", "PHP", 43, 0, 0, 0, 0, 0, 0, 0, 4, 47
"c:\wamp64\www\role_and_permissions\resources\views\vendor\pagination\semantic-ui.blade.php", "PHP", 33, 0, 0, 0, 0, 0, 0, 0, 4, 37
"c:\wamp64\www\role_and_permissions\resources\views\vendor\pagination\simple-bootstrap-4.blade.php", "PHP", 26, 0, 0, 0, 0, 0, 0, 0, 2, 28
"c:\wamp64\www\role_and_permissions\resources\views\vendor\pagination\simple-bootstrap-5.blade.php", "PHP", 28, 0, 0, 0, 0, 0, 0, 0, 2, 30
"c:\wamp64\www\role_and_permissions\resources\views\vendor\pagination\simple-default.blade.php", "PHP", 18, 0, 0, 0, 0, 0, 0, 0, 2, 20
"c:\wamp64\www\role_and_permissions\resources\views\vendor\pagination\simple-tailwind.blade.php", "PHP", 24, 0, 0, 0, 0, 0, 0, 0, 2, 26
"c:\wamp64\www\role_and_permissions\resources\views\vendor\pagination\tailwind.blade.php", "PHP", 100, 0, 0, 0, 0, 0, 0, 0, 7, 107
"c:\wamp64\www\role_and_permissions\resources\views\welcome.blade.php", "PHP", 155, 0, 0, 0, 0, 0, 0, 0, 22, 177
"c:\wamp64\www\role_and_permissions\routes\console.php", "PHP", 6, 0, 0, 0, 0, 0, 0, 0, 3, 9
"c:\wamp64\www\role_and_permissions\routes\web.php", "PHP", 81, 0, 0, 0, 0, 0, 0, 5, 30, 116
"c:\wamp64\www\role_and_permissions\tailwind.config.js", "JavaScript", 0, 0, 18, 0, 0, 0, 0, 1, 2, 21
"c:\wamp64\www\role_and_permissions\tests\Feature\ExampleTest.php", "PHP", 11, 0, 0, 0, 0, 0, 0, 4, 5, 20
"c:\wamp64\www\role_and_permissions\tests\TestCase.php", "PHP", 6, 0, 0, 0, 0, 0, 0, 1, 4, 11
"c:\wamp64\www\role_and_permissions\tests\Unit\ExampleTest.php", "PHP", 10, 0, 0, 0, 0, 0, 0, 3, 4, 17
"c:\wamp64\www\role_and_permissions\vite.config.js", "JavaScript", 0, 0, 14, 0, 0, 0, 0, 0, 2, 16
"Total", "-", 13353, 45, 35671, 7, 4920, 3407, 11850, 4653, 4155, 78061